area,bedrooms,bathrooms,stories,mainroad,guestroom,basement,hotwaterheating,airconditioning,parking,prefarea,furnishingstatus,price
0.29896907216494845,0.4000000000000001,0.3333333333333333,1.0,1.0,0.0,0.0,0.0,1.0,0.3333333333333333,0.0,1.0,7525000
0.38144329896907214,0.4000000000000001,0.3333333333333333,0.0,1.0,0.0,1.0,0.0,1.0,1.0,0.0,0.5,6300000
0.1488659793814433,0.2,0.0,0.0,1.0,0.0,1.0,0.0,1.0,0.6666666666666666,0.0,1.0,3920000
0.06597938144329896,0.4000000000000001,0.0,0.3333333333333333,1.0,0.0,1.0,0.0,0.0,0.0,1.0,0.0,3430000
0.14432989690721648,0.4000000000000001,0.0,0.3333333333333333,1.0,0.0,0.0,0.0,0.0,0.0,0.0,0.0,3010000
0.2309278350515464,0.4000000000000001,0.0,0.3333333333333333,1.0,0.0,1.0,0.0,0.0,0.0,0.0,0.5,4620000
0.1512027491408935,0.4000000000000001,0.0,0.3333333333333333,1.0,0.0,0.0,0.0,0.0,0.0,0.0,0.0,1750000
0.23546391752577317,0.4000000000000001,0.0,0.0,0.0,0.0,0.0,0.0,0.0,0.0,0.0,0.0,3010000
0.10515463917525772,0.4000000000000001,0.0,0.0,0.0,0.0,0.0,0.0,0.0,0.0,0.0,0.0,2520000
0.30034364261168384,0.4000000000000001,0.0,0.0,1.0,0.0,0.0,0.0,0.0,0.0,0.0,0.5,3710000
0.10103092783505155,0.4000000000000001,0.0,0.3333333333333333,0.0,0.0,1.0,1.0,0.0,0.0,0.0,0.5,3703000
0.41580756013745707,0.2,0.0,0.0,1.0,0.0,0.0,0.0,0.0,0.0,0.0,0.0,2450000
0.3676975945017182,0.4000000000000001,0.0,0.0,1.0,0.0,0.0,0.0,0.0,1.0,0.0,1.0,4200000
0.13195876288659794,0.4000000000000001,0.0,0.3333333333333333,1.0,0.0,1.0,0.0,0.0,0.0,0.0,0.5,3640000
0.09278350515463918,0.2,0.0,0.3333333333333333,1.0,0.0,0.0,0.0,1.0,0.0,0.0,1.0,3640000
0.32989690721649484,0.4000000000000001,0.3333333333333333,0.0,1.0,1.0,1.0,1.0,0.0,0.0,0.0,0.0,5383000
0.05154639175257733,0.4000000000000001,0.0,0.0,0.0,0.0,0.0,0.0,0.0,0.0,0.0,0.5,1767150
0.2508591065292096,0.6000000000000001,0.3333333333333333,0.0,1.0,0.0,0.0,0.0,1.0,0.0,1.0,0.0,5250000
0.3968384879725086,0.4000000000000001,0.0,0.0,0.0,0.0,0.0,0.0,0.0,0.0,0.0,0.0,3500000
0.7175257731958762,0.6000000000000001,0.3333333333333333,0.3333333333333333,1.0,0.0,0.0,0.0,0.0,0.6666666666666666,1.0,1.0,6790000
0.3855670103092783,0.4000000000000001,0.3333333333333333,0.0,1.0,1.0,1.0,0.0,0.0,1.0,0.0,1.0,3920000
0.09278350515463918,0.4000000000000001,0.0,0.3333333333333333,1.0,0.0,0.0,0.0,0.0,0.0,0.0,0.5,3920000
0.2439862542955326,0.4000000000000001,0.0,0.6666666666666667,1.0,0.0,0.0,0.0,1.0,0.0,0.0,0.5,5810000
0.46391752577319584,0.4000000000000001,0.0,0.3333333333333333,1.0,1.0,1.0,0.0,1.0,0.6666666666666666,1.0,0.0,5250000
0.33505154639175255,0.4000000000000001,0.3333333333333333,1.0,1.0,0.0,0.0,0.0,0.0,0.3333333333333333,0.0,1.0,5950000
0.13745704467353953,0.4000000000000001,0.0,0.3333333333333333,1.0,0.0,0.0,0.0,0.0,0.0,0.0,0.0,3500000
0.13642611683848796,0.2,0.0,0.0,0.0,0.0,0.0,0.0,0.0,0.0,0.0,0.0,2408000
0.16151202749140892,0.4000000000000001,0.0,0.0,1.0,0.0,0.0,0.0,0.0,0.0,0.0,0.5,2660000
0.2027491408934708,0.2,0.3333333333333333,0.0,1.0,0.0,0.0,0.0,1.0,0.6666666666666666,0.0,0.5,5285000
0.2742268041237113,0.2,0.0,0.0,0.0,0.0,0.0,0.0,0.0,0.0,0.0,0.5,3675000
0.12852233676975944,0.4000000000000001,0.0,0.3333333333333333,1.0,0.0,0.0,0.0,0.0,0.0,1.0,0.5,4200000
0.012783505154639191,0.2,0.0,0.0,0.0,0.0,1.0,0.0,0.0,0.0,0.0,0.5,2275000
0.10309278350515463,0.4000000000000001,0.0,0.3333333333333333,1.0,0.0,1.0,0.0,0.0,0.0,0.0,1.0,3570000
0.2769759450171821,0.4000000000000001,0.0,0.3333333333333333,1.0,1.0,0.0,0.0,1.0,0.3333333333333333,0.0,0.5,4620000
0.03402061855670102,0.4000000000000001,0.0,0.6666666666666667,1.0,0.0,0.0,0.0,0.0,0.3333333333333333,1.0,0.0,4200000
0.4432989690721649,0.2,0.0,0.0,1.0,0.0,0.0,0.0,0.0,0.3333333333333333,0.0,0.0,3087000
0.15670103092783505,0.2,0.0,0.0,0.0,0.0,0.0,0.0,0.0,0.0,0.0,0.0,3255000
0.32783505154639175,0.4000000000000001,0.3333333333333333,0.3333333333333333,1.0,0.0,0.0,0.0,1.0,0.3333333333333333,1.0,0.5,8855000
0.170446735395189,0.4000000000000001,0.3333333333333333,0.3333333333333333,1.0,0.0,0.0,0.0,0.0,0.6666666666666666,0.0,0.5,3640000
0.672852233676976,0.6000000000000001,0.0,0.3333333333333333,1.0,0.0,1.0,0.0,0.0,0.3333333333333333,1.0,0.5,7343000
0.5509965635738832,0.6000000000000001,0.3333333333333333,0.3333333333333333,1.0,1.0,1.0,0.0,0.0,0.3333333333333333,0.0,0.5,4690000
0.5986254295532645,0.2,0.0,0.0,1.0,0.0,0.0,0.0,0.0,0.3333333333333333,1.0,0.5,4305000
0.29621993127147767,0.4000000000000001,0.0,0.3333333333333333,1.0,1.0,1.0,0.0,0.0,0.0,0.0,0.0,3640000
0.08453608247422681,0.4000000000000001,0.0,0.3333333333333333,1.0,0.0,0.0,0.0,0.0,0.0,1.0,0.5,4403000
0.3237113402061855,0.2,0.0,0.3333333333333333,1.0,0.0,0.0,0.0,0.0,0.0,0.0,0.0,4270000
0.12577319587628866,0.4000000000000001,0.0,0.3333333333333333,0.0,0.0,0.0,0.0,0.0,0.3333333333333333,0.0,0.5,2940000
0.4432989690721649,0.6000000000000001,0.0,1.0,1.0,0.0,1.0,0.0,1.0,0.6666666666666666,0.0,0.5,4795000
0.3360824742268041,0.6000000000000001,0.3333333333333333,0.3333333333333333,1.0,1.0,1.0,0.0,1.0,0.6666666666666666,1.0,1.0,8540000
0.07814432989690723,0.4000000000000001,0.0,0.0,1.0,0.0,1.0,0.0,0.0,0.0,1.0,1.0,4235000
0.3319587628865979,0.4000000000000001,0.3333333333333333,1.0,1.0,0.0,0.0,0.0,1.0,0.6666666666666666,0.0,0.0,7700000
0.13402061855670103,1.0000000000000002,0.0,0.3333333333333333,1.0,0.0,0.0,0.0,0.0,0.3333333333333333,0.0,0.0,3500000
0.10549828178694157,0.2,0.0,0.0,1.0,0.0,1.0,0.0,0.0,0.6666666666666666,0.0,1.0,3360000
0.18969072164948453,0.6000000000000001,0.6666666666666667,0.3333333333333333,1.0,0.0,1.0,0.0,0.0,0.6666666666666666,0.0,0.5,4970000
0.5051546391752577,0.4000000000000001,0.0,0.3333333333333333,1.0,0.0,0.0,0.0,0.0,0.6666666666666666,0.0,0.5,3150000
0.13745704467353953,0.4000000000000001,0.3333333333333333,0.3333333333333333,1.0,0.0,0.0,0.0,0.0,0.6666666666666666,0.0,0.5,5530000
0.37869415807560136,0.4000000000000001,0.0,0.0,1.0,0.0,1.0,0.0,0.0,0.6666666666666666,1.0,0.0,5880000
0.1329209621993127,0.2,0.0,0.0,1.0,0.0,0.0,1.0,0.0,0.0,0.0,0.5,3710000
0.18075601374570444,0.2,0.0,0.0,1.0,0.0,0.0,0.0,1.0,0.6666666666666666,0.0,0.5,3640000
0.3676975945017182,0.4000000000000001,0.0,1.0,1.0,0.0,0.0,0.0,1.0,0.6666666666666666,0.0,0.5,8400000
0.547766323024055,0.4000000000000001,0.0,0.0,1.0,0.0,1.0,0.0,0.0,0.6666666666666666,1.0,1.0,6083000
0.5165635738831615,0.2,0.0,0.0,1.0,0.0,1.0,0.0,1.0,0.6666666666666666,0.0,0.5,4760000
0.03505154639175259,0.4000000000000001,0.0,0.3333333333333333,0.0,0.0,1.0,0.0,0.0,0.0,0.0,0.5,3080000
0.3024054982817869,0.4000000000000001,0.0,0.0,1.0,0.0,1.0,0.0,0.0,0.0,1.0,0.5,5243000
0.5051546391752577,0.6000000000000001,0.3333333333333333,1.0,1.0,1.0,0.0,0.0,1.0,0.3333333333333333,1.0,1.0,7245000
0.252233676975945,0.4000000000000001,0.0,0.3333333333333333,1.0,1.0,1.0,0.0,0.0,0.0,1.0,0.5,4550000
0.49140893470790376,0.4000000000000001,0.3333333333333333,0.3333333333333333,1.0,0.0,0.0,0.0,1.0,0.6666666666666666,0.0,1.0,8575000
0.4707903780068728,0.4000000000000001,0.3333333333333333,1.0,1.0,0.0,0.0,0.0,1.0,0.6666666666666666,0.0,1.0,8960000
0.29072164948453605,0.2,0.0,0.0,1.0,0.0,0.0,0.0,0.0,0.0,0.0,0.0,3500000
0.7938144329896906,0.2,0.0,0.0,1.0,0.0,1.0,1.0,0.0,0.3333333333333333,0.0,1.0,6930000
0.19656357388316148,0.6000000000000001,0.3333333333333333,0.3333333333333333,1.0,0.0,1.0,0.0,0.0,0.0,0.0,0.5,4613000
0.16666666666666669,0.4000000000000001,0.0,0.0,1.0,1.0,1.0,0.0,0.0,0.6666666666666666,0.0,0.5,4340000
0.12783505154639174,0.4000000000000001,0.0,0.3333333333333333,1.0,0.0,0.0,0.0,0.0,0.0,0.0,0.5,4473000
0.08288659793814432,0.4000000000000001,0.0,0.6666666666666667,1.0,0.0,0.0,0.0,0.0,0.0,1.0,1.0,3780000
0.29896907216494845,0.6000000000000001,0.3333333333333333,1.0,1.0,0.0,0.0,0.0,0.0,0.3333333333333333,0.0,0.5,6300000
0.19587628865979378,0.6000000000000001,0.3333333333333333,0.0,0.0,0.0,1.0,0.0,1.0,0.6666666666666666,0.0,0.5,5215000
0.34020618556701027,0.4000000000000001,0.0,0.0,1.0,1.0,1.0,0.0,0.0,0.0,1.0,1.0,5040000
0.12783505154639174,0.4000000000000001,0.0,0.6666666666666667,1.0,0.0,0.0,0.0,0.0,0.0,0.0,0.5,4515000
0.2,0.4000000000000001,0.3333333333333333,0.3333333333333333,1.0,1.0,1.0,0.0,1.0,0.3333333333333333,0.0,1.0,8645000
0.12577319587628866,0.2,0.0,0.0,1.0,0.0,0.0,0.0,0.0,0.3333333333333333,0.0,0.5,2660000
0.05140893470790378,0.4000000000000001,0.0,0.0,1.0,0.0,0.0,0.0,0.0,0.0,1.0,0.5,3118850
0.12714776632302405,0.2,0.0,0.0,1.0,1.0,0.0,0.0,0.0,0.0,0.0,0.0,2450000
0.40206185567010305,0.4000000000000001,0.6666666666666667,0.0,1.0,0.0,1.0,0.0,1.0,0.6666666666666666,1.0,0.5,10850000
0.36082474226804123,0.4000000000000001,0.3333333333333333,0.0,1.0,1.0,1.0,0.0,0.0,0.0,1.0,0.0,6020000
0.29896907216494845,0.4000000000000001,0.3333333333333333,0.6666666666666667,1.0,0.0,0.0,0.0,1.0,0.0,0.0,0.5,7560000
0.3030927835051546,0.2,0.0,0.0,1.0,0.0,1.0,0.0,0.0,0.3333333333333333,0.0,0.5,4123000
0.13402061855670103,0.4000000000000001,0.0,0.0,1.0,0.0,1.0,0.0,1.0,0.0,1.0,1.0,4098500
0.34020618556701027,0.6000000000000001,0.3333333333333333,0.3333333333333333,1.0,1.0,1.0,0.0,1.0,0.3333333333333333,1.0,0.0,9100000
0.18213058419243983,0.4000000000000001,0.3333333333333333,0.3333333333333333,1.0,0.0,1.0,0.0,0.0,0.3333333333333333,0.0,0.0,7455000
0.2144329896907216,0.4000000000000001,0.0,0.0,1.0,1.0,1.0,0.0,0.0,0.0,0.0,0.5,4900000
0.1642611683848797,0.2,0.0,0.0,1.0,0.0,0.0,0.0,0.0,0.0,0.0,0.0,3423000
0.40206185567010305,0.6000000000000001,0.3333333333333333,0.3333333333333333,1.0,0.0,1.0,0.0,1.0,1.0,1.0,1.0,12215000
0.22680412371134018,0.6000000000000001,0.0,0.3333333333333333,1.0,0.0,0.0,0.0,1.0,0.0,0.0,0.5,4382000
0.2508591065292096,0.8,0.3333333333333333,0.3333333333333333,1.0,0.0,0.0,0.0,0.0,0.0,0.0,0.5,3850000
0.29896907216494845,0.4000000000000001,0.3333333333333333,0.3333333333333333,1.0,1.0,0.0,0.0,0.0,0.3333333333333333,0.0,0.5,7140000
0.41484536082474227,0.4000000000000001,0.0,0.0,1.0,1.0,1.0,1.0,0.0,0.0,0.0,0.5,4970000
0.11092783505154638,0.2,0.0,0.0,1.0,0.0,0.0,0.0,0.0,0.0,0.0,0.0,2380000
0.34020618556701027,0.4000000000000001,0.0,0.0,1.0,1.0,1.0,0.0,0.0,0.6666666666666666,1.0,0.5,6090000
0.1649484536082474,0.2,0.0,0.0,1.0,0.0,0.0,0.0,0.0,0.0,0.0,1.0,3710000
0.13676975945017184,0.4000000000000001,0.3333333333333333,0.3333333333333333,1.0,0.0,1.0,0.0,0.0,0.0,0.0,0.0,4200000
0.2646048109965636,0.6000000000000001,0.3333333333333333,0.3333333333333333,1.0,0.0,1.0,0.0,1.0,0.3333333333333333,1.0,0.5,8400000
0.15326460481099657,0.4000000000000001,0.3333333333333333,0.3333333333333333,1.0,0.0,1.0,0.0,0.0,0.6666666666666666,0.0,0.5,4620000
0.7731958762886597,0.4000000000000001,0.0,0.0,1.0,0.0,0.0,0.0,0.0,0.6666666666666666,0.0,1.0,4900000
0.29896907216494845,0.4000000000000001,0.3333333333333333,1.0,1.0,1.0,1.0,0.0,1.0,0.0,1.0,0.5,8463000
0.9999999999999998,0.8,0.6666666666666667,0.3333333333333333,1.0,0.0,0.0,0.0,0.0,0.0,0.0,0.0,10150000
0.38144329896907214,0.4000000000000001,0.0,0.3333333333333333,1.0,1.0,1.0,0.0,0.0,0.3333333333333333,1.0,1.0,5215000
0.3979381443298969,0.4000000000000001,0.3333333333333333,1.0,1.0,0.0,0.0,0.0,0.0,0.3333333333333333,1.0,0.0,7420000
0.10927835051546392,0.6000000000000001,0.0,0.6666666666666667,1.0,0.0,0.0,0.0,0.0,0.3333333333333333,0.0,0.5,6107500
0.5051546391752577,0.6000000000000001,0.3333333333333333,1.0,1.0,0.0,0.0,0.0,1.0,0.6666666666666666,0.0,1.0,7980000
0.08020618556701031,0.6000000000000001,0.3333333333333333,0.3333333333333333,0.0,1.0,1.0,0.0,0.0,0.3333333333333333,0.0,1.0,5495000
0.21924398625429553,0.2,0.0,0.3333333333333333,1.0,0.0,0.0,0.0,0.0,0.0,0.0,0.0,2450000
0.32783505154639175,0.4000000000000001,0.0,0.0,1.0,0.0,1.0,0.0,1.0,0.0,1.0,1.0,5950000
0.03402061855670102,0.4000000000000001,0.0,0.6666666666666667,1.0,0.0,0.0,0.0,0.0,0.0,1.0,1.0,3465000
0.3539518900343642,0.2,0.0,0.0,1.0,1.0,1.0,0.0,0.0,0.6666666666666666,0.0,1.0,6020000
0.10721649484536083,0.4000000000000001,0.0,0.3333333333333333,1.0,0.0,1.0,0.0,0.0,0.0,0.0,0.0,2450000
0.25773195876288657,0.6000000000000001,0.0,0.3333333333333333,1.0,0.0,0.0,0.0,0.0,0.0,0.0,0.5,4900000
0.5601374570446735,0.6000000000000001,0.3333333333333333,0.3333333333333333,1.0,1.0,0.0,0.0,0.0,0.6666666666666666,0.0,0.5,5250000
0.19587628865979378,0.2,0.0,0.0,1.0,0.0,0.0,0.0,0.0,0.0,0.0,0.5,3605000
0.18350515463917527,0.4000000000000001,0.0,0.0,1.0,0.0,0.0,0.0,0.0,0.0,1.0,0.5,4690000
0.20962199312714774,0.6000000000000001,0.0,0.3333333333333333,1.0,1.0,1.0,0.0,1.0,0.3333333333333333,0.0,1.0,5600000
0.44673539518900346,0.4000000000000001,0.3333333333333333,0.0,1.0,1.0,1.0,0.0,0.0,0.0,0.0,0.5,5005000
0.1697594501718213,0.2,0.0,0.3333333333333333,1.0,0.0,0.0,0.0,0.0,0.0,0.0,0.0,3360000
0.12577319587628866,0.6000000000000001,0.0,0.3333333333333333,0.0,0.0,0.0,0.0,0.0,0.3333333333333333,0.0,0.5,3290000
0.16838487972508592,0.2,0.3333333333333333,0.0,1.0,1.0,1.0,0.0,0.0,0.0,0.0,0.5,4543000
0.28865979381443296,0.2,0.0,0.0,1.0,1.0,1.0,0.0,0.0,0.6666666666666666,0.0,0.5,4200000
0.2154639175257732,0.4000000000000001,0.0,0.3333333333333333,1.0,1.0,1.0,0.0,1.0,0.3333333333333333,0.0,1.0,3395000
0.16151202749140892,0.4000000000000001,0.0,0.3333333333333333,1.0,0.0,0.0,0.0,1.0,0.0,0.0,0.0,2653000
0.3443298969072165,0.6000000000000001,0.3333333333333333,0.3333333333333333,1.0,1.0,1.0,0.0,0.0,0.3333333333333333,1.0,0.5,5652500
0.12371134020618557,0.4000000000000001,0.0,0.0,1.0,0.0,1.0,0.0,0.0,0.6666666666666666,0.0,0.0,3395000
0.41580756013745707,0.4000000000000001,0.3333333333333333,0.0,1.0,0.0,0.0,0.0,0.0,0.6666666666666666,0.0,0.0,6895000
0.19587628865979378,0.2,0.0,0.0,1.0,0.0,0.0,0.0,1.0,0.6666666666666666,0.0,1.0,4270000
0.29896907216494845,0.2,0.0,0.0,1.0,0.0,1.0,0.0,1.0,0.3333333333333333,0.0,1.0,4690000
0.17938144329896905,0.6000000000000001,0.0,0.3333333333333333,1.0,0.0,1.0,0.0,1.0,0.0,0.0,1.0,5250000
0.2797250859106529,0.2,0.0,0.3333333333333333,1.0,0.0,0.0,0.0,1.0,0.0,1.0,0.0,5075000
0.15876288659793814,0.4000000000000001,0.0,0.3333333333333333,1.0,0.0,0.0,0.0,0.0,0.0,0.0,1.0,3990000
0.1642611683848797,0.2,0.0,0.0,1.0,0.0,0.0,0.0,0.0,0.3333333333333333,0.0,0.0,3325000
0.16151202749140892,0.2,0.0,0.0,1.0,0.0,0.0,0.0,0.0,0.0,0.0,0.0,2695000
0.21649484536082475,0.2,0.0,0.0,1.0,1.0,1.0,0.0,0.0,0.0,0.0,0.5,5033000
0.16151202749140892,0.4000000000000001,0.3333333333333333,0.3333333333333333,1.0,0.0,1.0,0.0,1.0,0.3333333333333333,0.0,0.5,6615000
0.3412371134020618,0.6000000000000001,0.3333333333333333,0.3333333333333333,1.0,1.0,0.0,1.0,0.0,0.3333333333333333,0.0,0.5,6090000
0.2646048109965636,0.4000000000000001,0.0,0.3333333333333333,1.0,0.0,0.0,0.0,1.0,0.0,0.0,0.0,4200000
0.23024054982817865,0.4000000000000001,0.0,1.0,1.0,0.0,0.0,0.0,0.0,0.0,0.0,1.0,5600000
0.21649484536082475,0.4000000000000001,0.3333333333333333,1.0,1.0,1.0,0.0,0.0,1.0,0.0,0.0,1.0,6405000
0.25773195876288657,0.8,0.0,0.3333333333333333,1.0,1.0,1.0,0.0,1.0,0.0,1.0,1.0,5565000
0.19587628865979378,0.2,0.0,0.3333333333333333,1.0,0.0,0.0,1.0,0.0,0.3333333333333333,0.0,0.5,3080000
0.12714776632302405,0.2,0.0,0.0,0.0,0.0,1.0,0.0,0.0,0.0,0.0,0.5,3150000
0.4536082474226804,0.4000000000000001,0.0,0.0,1.0,0.0,0.0,0.0,0.0,0.0,0.0,1.0,4480000
0.12027491408934707,0.4000000000000001,0.0,0.3333333333333333,1.0,0.0,1.0,0.0,0.0,0.6666666666666666,1.0,0.5,4277000
0.09690721649484535,0.4000000000000001,0.0,0.0,1.0,0.0,0.0,0.0,0.0,0.0,0.0,0.0,3465000
0.16371134020618555,0.2,0.0,0.0,1.0,0.0,1.0,0.0,0.0,0.0,0.0,1.0,4319000
0.32302405498281783,0.4000000000000001,0.3333333333333333,0.6666666666666667,1.0,1.0,0.0,0.0,1.0,0.0,0.0,1.0,6195000
0.12439862542955327,0.4000000000000001,0.3333333333333333,0.0,1.0,0.0,1.0,0.0,1.0,0.3333333333333333,0.0,1.0,4025000
0.1642611683848797,0.4000000000000001,0.0,0.3333333333333333,1.0,0.0,1.0,1.0,0.0,0.3333333333333333,0.0,1.0,6650000
0.21786941580756014,0.4000000000000001,0.0,0.3333333333333333,1.0,0.0,0.0,0.0,0.0,0.0,0.0,0.5,3780000
0.056701030927835044,0.4000000000000001,0.0,0.3333333333333333,1.0,0.0,0.0,0.0,0.0,0.0,0.0,1.0,2380000
0.3690721649484536,0.4000000000000001,0.0,0.0,1.0,0.0,1.0,0.0,1.0,0.6666666666666666,1.0,0.5,5950000
0.18487972508591066,0.4000000000000001,0.0,0.0,1.0,0.0,0.0,0.0,0.0,0.0,0.0,0.5,4060000
0.14639175257731957,0.2,0.0,0.3333333333333333,1.0,1.0,1.0,0.0,0.0,0.0,0.0,0.5,3885000
0.7762199312714777,0.4000000000000001,0.0,0.0,1.0,0.0,0.0,0.0,0.0,0.0,0.0,0.0,3500000
0.2439862542955326,0.6000000000000001,0.0,0.6666666666666667,1.0,0.0,0.0,0.0,0.0,0.0,0.0,0.0,2852500
0.06597938144329896,0.6000000000000001,0.6666666666666667,0.3333333333333333,0.0,0.0,0.0,0.0,0.0,0.0,0.0,0.5,4200000
0.13402061855670103,0.4000000000000001,0.0,0.3333333333333333,0.0,0.0,0.0,0.0,0.0,0.3333333333333333,0.0,0.0,2940000
0.1127147766323024,0.2,0.0,0.0,1.0,0.0,0.0,1.0,0.0,0.3333333333333333,0.0,1.0,3920000
0.03402061855670102,0.4000000000000001,0.0,0.3333333333333333,1.0,0.0,1.0,0.0,0.0,0.0,1.0,1.0,3290000
0.2979381443298969,0.4000000000000001,0.0,0.0,1.0,0.0,1.0,0.0,0.0,0.0,0.0,0.5,4130000
0.40082474226804116,0.4000000000000001,0.3333333333333333,0.6666666666666667,1.0,0.0,0.0,1.0,0.0,0.3333333333333333,1.0,1.0,8043000
0.3237113402061855,0.4000000000000001,0.0,0.0,1.0,1.0,1.0,0.0,1.0,0.6666666666666666,1.0,1.0,5740000
0.12852233676975944,0.2,0.0,0.3333333333333333,1.0,0.0,0.0,0.0,0.0,0.0,1.0,1.0,4515000
0.1360824742268041,0.4000000000000001,0.3333333333333333,0.3333333333333333,1.0,0.0,0.0,1.0,0.0,0.6666666666666666,0.0,0.5,4025000
0.29896907216494845,0.4000000000000001,0.3333333333333333,1.0,1.0,1.0,0.0,0.0,1.0,0.3333333333333333,0.0,1.0,7210000
0.46199312714776625,0.4000000000000001,0.0,0.6666666666666667,1.0,0.0,0.0,0.0,1.0,0.6666666666666666,0.0,0.0,6090000
0.2852233676975945,0.4000000000000001,0.0,0.0,1.0,0.0,0.0,1.0,0.0,0.6666666666666666,0.0,0.5,4200000
0.089553264604811,0.4000000000000001,0.0,0.3333333333333333,1.0,0.0,1.0,0.0,1.0,0.0,0.0,0.0,4200000
0.14432989690721648,0.2,0.0,0.0,1.0,1.0,1.0,0.0,0.0,0.0,0.0,0.5,4445000
0.1512027491408935,0.4000000000000001,0.0,0.0,1.0,0.0,0.0,0.0,0.0,0.0,0.0,0.0,3430000
0.23958762886597934,0.4000000000000001,0.0,0.3333333333333333,1.0,1.0,1.0,0.0,1.0,0.0,1.0,0.0,5600000
0.2219931271477663,0.4000000000000001,0.0,0.0,1.0,0.0,0.0,0.0,0.0,0.6666666666666666,1.0,0.0,4403000
0.1472164948453608,0.6000000000000001,0.0,0.3333333333333333,1.0,0.0,0.0,0.0,0.0,0.0,0.0,0.5,3290000
0.29896907216494845,0.4000000000000001,0.0,1.0,1.0,1.0,0.0,0.0,1.0,0.6666666666666666,0.0,0.0,7962500
0.0597938144329897,0.8,0.3333333333333333,0.0,0.0,0.0,1.0,0.0,1.0,0.3333333333333333,0.0,1.0,3773000
0.2953951890034364,0.4000000000000001,0.0,0.3333333333333333,1.0,0.0,0.0,0.0,1.0,0.0,0.0,0.5,4935000
0.03402061855670102,0.4000000000000001,0.0,0.6666666666666667,1.0,0.0,0.0,0.0,0.0,0.0,1.0,1.0,3430000
0.6082474226804124,0.2,0.0,0.0,1.0,0.0,0.0,0.0,0.0,0.3333333333333333,0.0,0.5,5600000
0.16054982817869418,0.2,0.3333333333333333,0.0,0.0,1.0,1.0,0.0,0.0,0.3333333333333333,0.0,0.0,3150000
0.2646048109965636,0.4000000000000001,0.3333333333333333,0.3333333333333333,1.0,0.0,0.0,0.0,0.0,0.3333333333333333,0.0,0.5,5600000
0.4536082474226804,0.4000000000000001,0.0,0.0,1.0,0.0,0.0,0.0,0.0,0.6666666666666666,0.0,1.0,3773000
0.25773195876288657,0.4000000000000001,0.0,0.0,1.0,0.0,0.0,0.0,0.0,1.0,0.0,0.5,4025000
0.38969072164948454,0.6000000000000001,0.3333333333333333,0.3333333333333333,1.0,0.0,0.0,0.0,0.0,0.0,0.0,1.0,5950000
0.07216494845360824,0.2,0.0,0.0,0.0,0.0,0.0,0.0,0.0,0.0,0.0,1.0,2940000
0.5051546391752577,0.4000000000000001,0.0,0.0,1.0,0.0,1.0,0.0,0.0,0.3333333333333333,1.0,1.0,6300000
0.21649484536082475,0.8,0.3333333333333333,0.6666666666666667,0.0,0.0,1.0,1.0,0.0,0.0,0.0,0.0,5600000
0.16151202749140892,0.4000000000000001,0.0,0.3333333333333333,1.0,0.0,0.0,0.0,0.0,0.3333333333333333,0.0,1.0,4585000
0.1360824742268041,0.6000000000000001,0.0,0.3333333333333333,1.0,0.0,0.0,0.0,0.0,1.0,0.0,0.5,3010000
0.32646048109965636,0.4000000000000001,0.0,0.0,1.0,1.0,1.0,0.0,1.0,0.3333333333333333,1.0,0.5,6300000
0.0,0.4000000000000001,0.0,0.3333333333333333,0.0,0.0,1.0,0.0,0.0,0.0,0.0,0.0,3150000
0.18969072164948453,0.2,0.0,0.0,0.0,0.0,0.0,0.0,0.0,0.3333333333333333,0.0,0.0,4200000
0.3917525773195876,0.2,0.0,0.0,1.0,0.0,0.0,0.0,0.0,0.3333333333333333,0.0,0.5,3500000
0.3164261168384879,0.6000000000000001,0.3333333333333333,0.0,1.0,0.0,1.0,0.0,0.0,0.3333333333333333,1.0,0.5,5950000
0.43505154639175253,0.4000000000000001,0.0,0.0,1.0,0.0,0.0,0.0,0.0,0.3333333333333333,1.0,0.5,5145000
0.1697594501718213,0.2,0.0,0.0,1.0,0.0,1.0,0.0,0.0,0.3333333333333333,0.0,0.5,4900000
0.12852233676975944,0.4000000000000001,0.0,0.0,1.0,0.0,0.0,0.0,0.0,0.0,1.0,0.5,4550000
0.03615120274914091,0.2,0.0,0.3333333333333333,1.0,1.0,0.0,0.0,0.0,0.0,1.0,0.5,3850000
0.4419243986254295,0.4000000000000001,0.0,0.0,1.0,0.0,0.0,0.0,1.0,0.6666666666666666,0.0,0.5,3920000
0.1279725085910653,0.2,0.0,0.0,1.0,0.0,0.0,0.0,0.0,0.3333333333333333,1.0,0.0,3500000
0.16151202749140892,0.2,0.0,0.0,1.0,0.0,0.0,0.0,0.0,0.0,0.0,0.0,3430000
0.12371134020618557,0.4000000000000001,0.0,0.3333333333333333,1.0,0.0,1.0,0.0,0.0,0.0,0.0,0.5,3150000
0.18350515463917527,0.4000000000000001,0.0,0.3333333333333333,1.0,0.0,0.0,0.0,0.0,0.6666666666666666,1.0,1.0,4060000
0.9587628865979381,0.4000000000000001,0.0,0.0,1.0,0.0,0.0,0.0,1.0,0.6666666666666666,0.0,0.5,5943000
0.3781443298969072,0.4000000000000001,0.0,0.3333333333333333,1.0,0.0,0.0,0.0,1.0,0.0,0.0,1.0,3850000
0.32103092783505155,0.4000000000000001,0.0,0.3333333333333333,1.0,0.0,1.0,0.0,1.0,0.3333333333333333,0.0,1.0,4760000
0.09278350515463918,0.4000000000000001,0.0,0.3333333333333333,0.0,0.0,0.0,0.0,0.0,0.0,0.0,0.5,2485000
0.3676975945017182,0.4000000000000001,0.0,0.3333333333333333,1.0,0.0,1.0,0.0,0.0,0.0,0.0,0.0,4795000
0.6742268041237114,0.4000000000000001,0.0,0.6666666666666667,1.0,0.0,0.0,0.0,0.0,0.6666666666666666,1.0,0.5,5873000
0.22749140893470787,0.2,0.0,0.0,1.0,0.0,0.0,0.0,0.0,0.0,0.0,0.0,2940000
0.12439862542955327,0.6000000000000001,0.0,0.3333333333333333,1.0,0.0,0.0,0.0,1.0,0.0,0.0,0.5,4007500
0.09278350515463918,0.2,0.0,0.0,0.0,0.0,0.0,0.0,0.0,0.0,0.0,0.0,2135000
0.1360824742268041,0.2,0.0,0.0,1.0,0.0,0.0,0.0,0.0,0.0,0.0,0.0,2870000
0.25773195876288657,0.6000000000000001,0.0,0.3333333333333333,1.0,0.0,0.0,0.0,0.0,0.0,0.0,0.0,2870000
0.2233676975945017,0.4000000000000001,0.0,0.3333333333333333,0.0,0.0,0.0,0.0,0.0,0.0,0.0,0.0,3493000
0.2646048109965636,0.6000000000000001,0.0,0.3333333333333333,1.0,1.0,1.0,0.0,0.0,0.0,0.0,0.5,3920000
0.16151202749140892,0.6000000000000001,0.3333333333333333,0.3333333333333333,0.0,0.0,0.0,0.0,0.0,0.0,0.0,0.5,4200000
0.13676975945017184,0.2,0.0,0.0,1.0,0.0,0.0,0.0,0.0,0.0,0.0,1.0,3395000
0.19587628865979378,0.2,0.0,0.0,0.0,0.0,0.0,0.0,0.0,0.0,0.0,1.0,3570000
0.19587628865979378,0.2,0.0,0.0,0.0,0.0,0.0,0.0,0.0,0.0,0.0,0.5,3255000
0.18213058419243983,1.0000000000000002,0.3333333333333333,0.3333333333333333,1.0,0.0,0.0,0.0,0.0,0.0,0.0,1.0,6083000
0.10515463917525772,0.4000000000000001,0.3333333333333333,0.3333333333333333,1.0,0.0,0.0,0.0,0.0,0.6666666666666666,0.0,0.5,5215000
0.10309278350515463,0.2,0.3333333333333333,0.0,0.0,0.0,1.0,0.0,0.0,0.0,0.0,0.5,3815000
0.19587628865979378,0.6000000000000001,0.3333333333333333,0.3333333333333333,1.0,0.0,1.0,0.0,0.0,0.6666666666666666,0.0,1.0,3570000
0.12852233676975944,0.2,0.3333333333333333,0.0,1.0,0.0,1.0,0.0,0.0,0.0,0.0,0.5,3640000
0.1642611683848797,0.2,0.0,0.3333333333333333,1.0,0.0,0.0,0.0,0.0,0.3333333333333333,0.0,0.5,4095000
0.18900343642611683,0.6000000000000001,0.0,0.3333333333333333,1.0,0.0,0.0,0.0,1.0,0.6666666666666666,1.0,0.5,5565000
0.16804123711340208,0.2,0.0,0.0,1.0,0.0,0.0,0.0,0.0,0.6666666666666666,0.0,0.5,3150000
0.1725085910652921,0.4000000000000001,0.0,0.0,1.0,1.0,1.0,0.0,1.0,0.0,0.0,0.0,4620000
0.13402061855670103,0.2,0.0,0.0,1.0,0.0,0.0,0.0,0.0,0.0,0.0,0.0,2590000
0.2872852233676976,0.2,0.0,0.0,1.0,0.0,0.0,0.0,0.0,0.6666666666666666,0.0,0.0,3780000
0.34776632302405497,0.4000000000000001,0.3333333333333333,0.3333333333333333,1.0,1.0,1.0,0.0,0.0,0.3333333333333333,1.0,1.0,5390000
0.2296907216494845,0.4000000000000001,0.3333333333333333,0.3333333333333333,1.0,0.0,0.0,0.0,0.0,0.6666666666666666,0.0,0.0,4060000
0.25773195876288657,0.6000000000000001,0.3333333333333333,0.3333333333333333,1.0,0.0,0.0,0.0,1.0,0.6666666666666666,0.0,0.0,5740000
0.07903780068728522,0.4000000000000001,0.3333333333333333,0.3333333333333333,0.0,0.0,1.0,0.0,1.0,0.3333333333333333,0.0,0.5,4956000
0.1642611683848797,0.4000000000000001,0.0,0.3333333333333333,1.0,0.0,0.0,0.0,0.0,0.3333333333333333,0.0,0.5,4480000
0.14398625429553263,0.4000000000000001,0.0,0.3333333333333333,1.0,0.0,1.0,0.0,0.0,0.0,0.0,1.0,4655000
0.4364261168384879,0.4000000000000001,0.0,0.0,1.0,1.0,1.0,0.0,1.0,0.6666666666666666,1.0,0.5,6020000
0.3360824742268041,0.4000000000000001,0.0,0.0,1.0,1.0,1.0,0.0,0.0,0.6666666666666666,1.0,1.0,5950000
0.13676975945017184,0.2,0.0,0.0,1.0,0.0,0.0,0.0,0.0,0.3333333333333333,0.0,0.5,3500000
0.5903780068728521,0.2,0.0,0.0,1.0,0.0,0.0,0.0,1.0,0.6666666666666666,1.0,0.0,4760000
0.09278350515463918,0.4000000000000001,0.0,0.0,0.0,0.0,0.0,0.0,1.0,0.0,0.0,0.0,3115000
0.16151202749140892,0.2,0.0,0.0,1.0,0.0,0.0,0.0,0.0,0.0,1.0,0.5,3605000
0.11683848797250859,0.4000000000000001,0.0,0.3333333333333333,1.0,0.0,0.0,0.0,0.0,0.0,0.0,0.0,3836000
0.3333333333333333,0.4000000000000001,0.3333333333333333,0.6666666666666667,1.0,0.0,0.0,0.0,1.0,0.0,0.0,0.0,5880000
0.11752577319587629,0.2,0.0,0.0,1.0,0.0,0.0,0.0,0.0,0.3333333333333333,0.0,0.0,2100000
0.3436426116838488,0.4000000000000001,0.0,0.3333333333333333,1.0,1.0,0.0,0.0,0.0,0.0,0.0,0.5,4235000
0.06872852233676977,0.4000000000000001,0.0,0.3333333333333333,1.0,0.0,1.0,0.0,0.0,0.3333333333333333,0.0,0.0,2800000
0.08144329896907215,0.2,0.0,0.0,1.0,0.0,0.0,0.0,0.0,0.0,0.0,0.5,3010000
0.32783505154639175,0.4000000000000001,0.0,0.6666666666666667,1.0,0.0,1.0,0.0,0.0,0.0,1.0,0.0,6125000
0.21305841924398622,0.2,0.0,0.0,1.0,0.0,0.0,0.0,0.0,0.0,0.0,0.0,3360000
0.13402061855670103,0.2,0.0,0.0,1.0,0.0,0.0,0.0,0.0,0.0,0.0,1.0,3675000
0.21649484536082475,0.4000000000000001,0.0,0.6666666666666667,1.0,0.0,0.0,0.0,1.0,0.0,0.0,0.0,5810000
0.10515463917525772,0.2,0.0,0.0,1.0,0.0,0.0,0.0,0.0,0.0,0.0,0.0,2310000
0.29896907216494845,0.6000000000000001,0.3333333333333333,1.0,1.0,0.0,0.0,0.0,1.0,0.3333333333333333,0.0,1.0,7560000
0.3360824742268041,0.6000000000000001,0.3333333333333333,0.3333333333333333,0.0,0.0,0.0,0.0,1.0,0.0,0.0,0.5,5250000
0.4969072164948453,0.4000000000000001,0.3333333333333333,0.3333333333333333,1.0,0.0,1.0,0.0,1.0,0.3333333333333333,0.0,1.0,6930000
0.18625429553264605,0.6000000000000001,0.0,0.3333333333333333,1.0,0.0,0.0,0.0,0.0,0.0,0.0,1.0,4270000
0.4536082474226804,0.4000000000000001,0.3333333333333333,0.6666666666666667,1.0,0.0,0.0,0.0,1.0,0.0,0.0,1.0,6510000
0.13676975945017184,0.4000000000000001,0.0,0.3333333333333333,1.0,0.0,0.0,0.0,1.0,0.0,0.0,1.0,4550000
0.6707903780068729,0.2,0.0,0.3333333333333333,1.0,0.0,0.0,0.0,0.0,0.0,1.0,1.0,5110000
0.29072164948453605,0.4000000000000001,0.0,0.0,1.0,0.0,0.0,0.0,0.0,0.3333333333333333,0.0,0.0,3290000
0.10309278350515463,0.4000000000000001,0.3333333333333333,0.0,1.0,1.0,1.0,0.0,1.0,0.0,0.0,1.0,5460000
0.3367697594501718,0.6000000000000001,0.3333333333333333,0.3333333333333333,1.0,0.0,0.0,0.0,1.0,0.3333333333333333,1.0,0.5,9310000
0.3676975945017182,0.4000000000000001,0.3333333333333333,1.0,1.0,0.0,0.0,0.0,1.0,0.6666666666666666,0.0,1.0,8080940
0.43298969072164945,0.8,0.3333333333333333,0.3333333333333333,1.0,0.0,1.0,1.0,0.0,0.6666666666666666,0.0,0.0,8400000
0.2646048109965636,0.4000000000000001,0.3333333333333333,0.0,1.0,0.0,1.0,0.0,0.0,0.0,0.0,0.5,5250000
0.6082474226804124,0.6000000000000001,0.3333333333333333,0.3333333333333333,1.0,0.0,0.0,0.0,0.0,0.3333333333333333,0.0,0.5,5600000
0.0975257731958763,0.2,0.0,0.0,1.0,0.0,0.0,0.0,0.0,0.3333333333333333,0.0,0.0,3150000
0.1512027491408935,0.4000000000000001,0.0,0.0,1.0,0.0,0.0,0.0,0.0,0.6666666666666666,0.0,0.0,3535000
0.12164948453608246,0.6000000000000001,0.3333333333333333,0.3333333333333333,1.0,0.0,0.0,0.0,0.0,0.0,0.0,0.5,4767000
0.16838487972508592,0.4000000000000001,0.3333333333333333,0.6666666666666667,1.0,0.0,0.0,0.0,1.0,0.6666666666666666,0.0,0.5,6300000
0.3213058419243986,0.4000000000000001,0.0,1.0,1.0,0.0,0.0,0.0,1.0,0.3333333333333333,0.0,0.0,7420000
0.15051546391752574,0.4000000000000001,0.0,0.3333333333333333,1.0,0.0,0.0,0.0,0.0,0.3333333333333333,1.0,0.5,4585000
0.14432989690721648,0.4000000000000001,0.0,0.0,1.0,0.0,0.0,0.0,0.0,0.0,0.0,0.0,3360000
0.13402061855670103,0.2,0.0,0.0,1.0,0.0,0.0,0.0,0.0,0.0,0.0,0.5,3780000
0.3030927835051546,0.4000000000000001,0.0,0.0,1.0,1.0,1.0,0.0,0.0,0.0,0.0,1.0,3290000
0.3735395189003436,0.4000000000000001,0.0,0.0,1.0,1.0,1.0,0.0,0.0,0.6666666666666666,1.0,0.5,5229000
0.10103092783505155,0.4000000000000001,0.0,0.3333333333333333,0.0,0.0,0.0,0.0,0.0,0.0,0.0,1.0,3220000
0.3237113402061855,0.4000000000000001,0.3333333333333333,1.0,1.0,0.0,0.0,0.0,1.0,0.0,1.0,1.0,7840000
0.16151202749140892,0.4000000000000001,0.0,0.3333333333333333,1.0,0.0,0.0,0.0,0.0,0.3333333333333333,0.0,0.0,2730000
0.18694158075601375,0.4000000000000001,0.0,0.3333333333333333,1.0,0.0,0.0,0.0,0.0,0.0,0.0,0.0,3220000
0.2852233676975945,0.2,0.0,0.0,1.0,1.0,1.0,0.0,1.0,0.0,0.0,0.5,4900000
0.16082474226804122,0.4000000000000001,0.0,0.3333333333333333,1.0,0.0,0.0,0.0,0.0,0.0,0.0,0.5,3500000
0.036082474226804134,0.4000000000000001,0.0,0.3333333333333333,0.0,1.0,1.0,0.0,1.0,0.0,0.0,0.0,4270000
0.12577319587628866,0.2,0.0,0.0,1.0,0.0,0.0,0.0,0.0,0.0,1.0,0.5,3745000
0.29209621993127144,0.2,0.0,0.0,1.0,0.0,0.0,0.0,0.0,0.3333333333333333,0.0,1.0,3500000
0.19656357388316148,0.6000000000000001,0.0,0.3333333333333333,1.0,0.0,0.0,0.0,1.0,0.6666666666666666,0.0,0.5,4480000
0.2027491408934708,0.2,0.0,0.0,1.0,0.0,0.0,0.0,0.0,0.0,0.0,1.0,3010000
0.3965635738831615,0.6000000000000001,0.0,0.3333333333333333,1.0,1.0,1.0,0.0,1.0,0.6666666666666666,0.0,1.0,11410000
0.16151202749140892,0.4000000000000001,0.0,0.3333333333333333,1.0,0.0,0.0,0.0,0.0,0.6666666666666666,0.0,1.0,4480000
0.13402061855670103,0.2,0.3333333333333333,0.3333333333333333,1.0,0.0,1.0,0.0,0.0,0.3333333333333333,0.0,1.0,2590000
0.34020618556701027,0.4000000000000001,0.3333333333333333,0.0,1.0,0.0,1.0,0.0,1.0,0.0,1.0,0.0,6230000
0.24192439862542953,0.4000000000000001,0.0,1.0,1.0,0.0,0.0,0.0,1.0,0.0,0.0,0.5,4690000
0.18900343642611683,0.2,0.0,0.0,1.0,0.0,0.0,0.0,0.0,0.0,0.0,0.0,2590000
0.2298969072164948,0.6000000000000001,0.3333333333333333,0.0,1.0,0.0,1.0,0.0,0.0,0.0,0.0,0.5,4893000
0.13814432989690723,0.6000000000000001,0.0,0.3333333333333333,0.0,0.0,0.0,0.0,0.0,0.0,0.0,0.0,2940000
0.5923711340206186,0.4000000000000001,0.0,0.0,1.0,0.0,0.0,0.0,0.0,0.3333333333333333,1.0,0.5,5250000
0.34020618556701027,0.4000000000000001,0.3333333333333333,0.6666666666666667,1.0,0.0,0.0,0.0,1.0,0.0,1.0,0.0,6293000
0.07539518900343642,0.6000000000000001,0.3333333333333333,0.3333333333333333,0.0,0.0,0.0,0.0,0.0,0.0,0.0,0.5,4200000
0.1725085910652921,0.4000000000000001,0.0,0.6666666666666667,1.0,0.0,0.0,0.0,0.0,0.0,0.0,0.0,4830000
0.4969072164948453,0.2,0.0,0.0,1.0,0.0,0.0,0.0,1.0,0.3333333333333333,0.0,0.5,7070000
0.252233676975945,0.2,0.0,0.0,1.0,0.0,0.0,0.0,0.0,0.3333333333333333,1.0,0.0,3465000
0.34020618556701027,0.4000000000000001,0.0,1.0,1.0,0.0,0.0,0.0,1.0,1.0,1.0,1.0,7490000
0.2219931271477663,0.6000000000000001,0.3333333333333333,0.3333333333333333,1.0,0.0,0.0,0.0,1.0,0.3333333333333333,1.0,1.0,8295000
0.2247422680412371,0.4000000000000001,0.0,0.3333333333333333,1.0,0.0,0.0,0.0,0.0,0.3333333333333333,0.0,0.5,4403000
0.3319587628865979,0.4000000000000001,0.0,0.3333333333333333,0.0,0.0,0.0,0.0,1.0,0.3333333333333333,0.0,0.5,3990000
0.19725085910652917,0.4000000000000001,0.0,0.3333333333333333,1.0,0.0,1.0,0.0,1.0,0.0,0.0,0.5,4900000
0.0865979381443299,0.2,0.0,0.0,0.0,0.0,0.0,0.0,0.0,0.0,0.0,0.0,2604000
0.49656357388316147,0.4000000000000001,0.0,0.0,1.0,0.0,0.0,0.0,0.0,0.3333333333333333,0.0,0.5,8400000
0.11340206185567009,0.4000000000000001,0.0,0.3333333333333333,0.0,0.0,0.0,0.0,0.0,0.3333333333333333,0.0,0.5,2835000
0.25773195876288657,0.2,0.0,0.3333333333333333,1.0,0.0,0.0,0.0,0.0,0.0,1.0,0.5,4690000
0.10391752577319588,0.4000000000000001,0.0,0.3333333333333333,1.0,0.0,0.0,0.0,1.0,0.3333333333333333,0.0,1.0,4473000
0.042955326460481114,0.4000000000000001,0.0,0.6666666666666667,1.0,0.0,0.0,1.0,1.0,0.0,1.0,0.5,3640000
0.2329896907216495,0.4000000000000001,0.0,0.3333333333333333,1.0,0.0,1.0,0.0,1.0,0.0,0.0,0.0,4200000
0.12714776632302405,0.6000000000000001,0.0,0.3333333333333333,1.0,0.0,0.0,0.0,1.0,0.6666666666666666,0.0,0.0,3360000
0.34020618556701027,0.6000000000000001,0.3333333333333333,0.3333333333333333,1.0,1.0,1.0,0.0,0.0,0.0,1.0,0.5,5460000
0.09525773195876289,0.4000000000000001,0.0,0.3333333333333333,1.0,0.0,1.0,0.0,0.0,0.0,0.0,0.5,3500000
0.10309278350515463,0.4000000000000001,0.0,0.3333333333333333,0.0,0.0,0.0,0.0,0.0,0.0,0.0,0.0,2940000
0.23024054982817865,0.4000000000000001,0.0,0.6666666666666667,1.0,0.0,0.0,0.0,1.0,0.0,0.0,0.5,5740000
0.3154639175257732,0.6000000000000001,0.3333333333333333,0.3333333333333333,1.0,0.0,0.0,0.0,1.0,0.3333333333333333,0.0,1.0,7070000
0.29896907216494845,0.4000000000000001,0.3333333333333333,1.0,1.0,0.0,0.0,0.0,1.0,0.0,0.0,0.0,5775000
0.2646048109965636,0.4000000000000001,0.0,0.6666666666666667,1.0,1.0,0.0,0.0,1.0,0.3333333333333333,0.0,1.0,5873000
0.15945017182130583,0.0,0.0,0.0,0.0,0.0,0.0,0.0,0.0,0.0,0.0,0.0,2275000
0.4432989690721649,0.6000000000000001,0.0,0.3333333333333333,1.0,1.0,1.0,0.0,1.0,0.6666666666666666,1.0,1.0,9870000
0.16838487972508592,0.6000000000000001,0.0,0.0,0.0,0.0,1.0,0.0,0.0,0.0,0.0,0.0,3990000
0.1512027491408935,0.2,0.0,0.0,1.0,0.0,0.0,0.0,0.0,0.0,0.0,0.5,3850000
0.6546391752577319,0.4000000000000001,0.0,0.0,1.0,0.0,1.0,0.0,1.0,0.3333333333333333,1.0,1.0,7000000
0.16694158075601373,0.4000000000000001,0.0,0.6666666666666667,1.0,0.0,0.0,0.0,0.0,0.0,0.0,0.5,4200000
0.422680412371134,0.4000000000000001,0.3333333333333333,0.3333333333333333,1.0,0.0,0.0,0.0,0.0,0.0,1.0,0.5,9240000
0.36082474226804123,0.4000000000000001,0.0,0.0,1.0,1.0,1.0,0.0,0.0,0.0,1.0,0.5,5523000
0.3367697594501718,0.4000000000000001,0.0,0.3333333333333333,1.0,0.0,1.0,0.0,1.0,0.0,1.0,1.0,7875000
0.12852233676975944,0.4000000000000001,0.0,0.0,1.0,0.0,0.0,0.0,0.0,0.6666666666666666,1.0,0.0,3633000
0.3058419243986254,0.4000000000000001,0.0,0.0,1.0,0.0,1.0,0.0,1.0,0.0,1.0,0.5,5110000
0.09278350515463918,0.6000000000000001,0.0,0.3333333333333333,1.0,0.0,0.0,0.0,0.0,0.0,0.0,0.0,2100000
0.3017182130584192,0.4000000000000001,0.0,0.0,1.0,0.0,0.0,0.0,0.0,0.6666666666666666,1.0,0.5,4830000
0.10549828178694157,0.2,0.0,0.0,1.0,0.0,0.0,0.0,0.0,0.6666666666666666,0.0,0.0,3430000
0.3237113402061855,0.2,0.0,0.0,1.0,0.0,0.0,0.0,0.0,0.0,0.0,1.0,4270000
0.3539518900343642,0.2,0.0,0.0,1.0,0.0,0.0,0.0,0.0,0.0,0.0,0.0,2730000
0.18556701030927836,0.4000000000000001,0.0,0.3333333333333333,0.0,0.0,0.0,1.0,0.0,0.3333333333333333,0.0,0.0,2835000
0.03402061855670102,0.6000000000000001,0.3333333333333333,0.0,1.0,0.0,1.0,0.0,0.0,0.0,1.0,0.0,3920000
0.08384879725085911,0.2,0.0,0.3333333333333333,1.0,1.0,1.0,0.0,0.0,0.0,1.0,0.5,4620000
0.09278350515463918,0.4000000000000001,0.0,0.3333333333333333,1.0,0.0,1.0,0.0,1.0,0.0,0.0,0.5,4900000
0.12164948453608246,0.6000000000000001,0.3333333333333333,0.3333333333333333,1.0,0.0,1.0,0.0,1.0,0.6666666666666666,0.0,0.5,4893000
0.04639175257731959,0.4000000000000001,0.0,0.3333333333333333,0.0,0.0,0.0,0.0,0.0,0.0,0.0,0.5,4200000
0.18900343642611683,0.4000000000000001,0.0,0.3333333333333333,1.0,0.0,0.0,0.0,0.0,0.0,0.0,0.0,2485000
0.12371134020618557,0.4000000000000001,0.0,0.3333333333333333,1.0,0.0,1.0,0.0,0.0,0.3333333333333333,0.0,0.5,4515000
0.12164948453608246,0.8,0.0,0.3333333333333333,0.0,0.0,0.0,0.0,0.0,0.0,0.0,0.0,1960000
0.26426116838487973,0.4000000000000001,0.0,0.0,1.0,0.0,1.0,0.0,0.0,0.0,0.0,0.0,3129000
0.13539518900343642,0.2,0.0,0.0,1.0,0.0,0.0,0.0,0.0,0.0,0.0,0.0,1750000
0.19587628865979378,0.4000000000000001,0.0,0.0,1.0,0.0,1.0,0.0,0.0,0.0,0.0,1.0,4200000
0.12164948453608246,0.2,0.0,0.3333333333333333,1.0,0.0,0.0,1.0,0.0,0.3333333333333333,0.0,0.5,3780000
0.15463917525773196,0.4000000000000001,0.0,0.3333333333333333,1.0,0.0,0.0,0.0,0.0,0.0,0.0,0.0,4375000
0.12371134020618557,0.0,0.0,0.0,1.0,0.0,0.0,0.0,0.0,0.0,0.0,1.0,3150000
0.16804123711340208,0.4000000000000001,0.0,0.3333333333333333,0.0,1.0,1.0,0.0,1.0,0.0,0.0,0.5,4900000
0.3058419243986254,0.4000000000000001,0.0,0.6666666666666667,1.0,1.0,0.0,0.0,1.0,0.0,1.0,0.5,5460000
0.29896907216494845,0.6000000000000001,0.3333333333333333,1.0,1.0,0.0,0.0,0.0,0.0,0.6666666666666666,0.0,0.5,7700000
0.35821305841924395,0.4000000000000001,0.0,0.3333333333333333,1.0,0.0,0.0,0.0,1.0,0.6666666666666666,1.0,1.0,4830000
0.5395189003436425,0.4000000000000001,0.0,0.3333333333333333,1.0,0.0,0.0,0.0,0.0,1.0,1.0,0.0,3500000
0.40893470790378,0.6000000000000001,0.0,0.3333333333333333,1.0,0.0,0.0,0.0,1.0,0.6666666666666666,0.0,1.0,5040000
0.20494845360824743,0.6000000000000001,0.0,0.3333333333333333,1.0,0.0,0.0,0.0,1.0,0.0,0.0,0.5,4130000
0.3237113402061855,0.2,0.0,0.0,1.0,0.0,1.0,0.0,1.0,0.3333333333333333,0.0,1.0,4473000
0.19587628865979378,0.4000000000000001,0.0,1.0,1.0,0.0,0.0,0.0,1.0,0.0,0.0,0.0,6160000
0.24054982817869414,0.4000000000000001,0.3333333333333333,1.0,1.0,0.0,0.0,0.0,1.0,0.6666666666666666,0.0,0.5,7350000
0.2027491408934708,0.6000000000000001,0.0,0.3333333333333333,1.0,0.0,0.0,0.0,0.0,0.0,0.0,0.5,3500000
0.5024054982817869,0.6000000000000001,1.0,1.0,1.0,0.0,0.0,0.0,1.0,1.0,0.0,1.0,12250000
0.053608247422680416,0.4000000000000001,0.0,0.0,0.0,0.0,0.0,0.0,0.0,0.0,0.0,0.0,2660000
0.13402061855670103,0.4000000000000001,0.0,0.0,1.0,0.0,0.0,0.0,0.0,0.3333333333333333,0.0,0.0,3710000
0.3979381443298969,0.4000000000000001,0.3333333333333333,0.0,1.0,1.0,1.0,0.0,1.0,0.0,1.0,0.5,7420000
0.22749140893470787,0.6000000000000001,0.0,0.6666666666666667,0.0,0.0,0.0,0.0,0.0,0.0,0.0,0.5,3360000
0.29896907216494845,0.4000000000000001,0.0,0.3333333333333333,1.0,0.0,0.0,1.0,0.0,0.3333333333333333,1.0,0.5,6629000
0.31958762886597936,0.4000000000000001,0.0,0.0,1.0,0.0,0.0,0.0,1.0,0.6666666666666666,0.0,0.5,4900000
0.356701030927835,0.8,0.0,0.3333333333333333,1.0,1.0,1.0,0.0,1.0,0.3333333333333333,0.0,1.0,8120000
0.05841924398625428,0.2,0.0,0.0,0.0,0.0,0.0,0.0,1.0,0.0,0.0,0.0,3290000
0.15931271477663228,0.4000000000000001,0.0,0.3333333333333333,0.0,0.0,0.0,0.0,0.0,0.0,0.0,0.5,4410000
0.03402061855670102,0.4000000000000001,0.0,0.3333333333333333,1.0,0.0,1.0,0.0,0.0,0.0,1.0,1.0,3332000
0.19587628865979378,0.4000000000000001,0.0,0.3333333333333333,1.0,0.0,0.0,0.0,1.0,0.0,0.0,0.0,3143000
0.18350515463917527,0.4000000000000001,0.0,0.0,0.0,0.0,0.0,0.0,0.0,0.3333333333333333,0.0,0.0,3220000
0.1360824742268041,0.2,0.0,0.0,1.0,0.0,1.0,0.0,0.0,0.0,0.0,1.0,3675000
0.35051546391752575,0.2,0.0,0.0,1.0,1.0,1.0,0.0,0.0,0.6666666666666666,1.0,1.0,6419000
0.10515463917525772,0.6000000000000001,0.3333333333333333,0.3333333333333333,1.0,0.0,0.0,0.0,0.0,0.0,0.0,1.0,3885000
0.13676975945017184,0.2,0.0,0.0,1.0,0.0,0.0,0.0,0.0,0.0,0.0,0.0,2345000
0.29896907216494845,0.6000000000000001,0.3333333333333333,1.0,1.0,1.0,0.0,0.0,1.0,0.3333333333333333,0.0,1.0,7350000
0.025085910652920956,0.4000000000000001,0.0,0.3333333333333333,1.0,0.0,1.0,0.0,0.0,0.0,1.0,0.5,3850000
0.2233676975945017,0.2,0.0,0.3333333333333333,1.0,0.0,1.0,0.0,0.0,0.0,0.0,0.5,4410000
0.14501718213058418,0.4000000000000001,0.0,0.0,1.0,0.0,0.0,0.0,0.0,0.6666666666666666,0.0,0.5,4550000
0.12714776632302405,0.6000000000000001,0.3333333333333333,0.3333333333333333,1.0,0.0,0.0,1.0,0.0,0.6666666666666666,0.0,1.0,9240000
0.27147766323024053,0.2,0.0,0.0,1.0,0.0,0.0,0.0,1.0,0.0,0.0,0.5,4095000
0.3958762886597938,0.4000000000000001,0.0,0.0,1.0,1.0,1.0,0.0,1.0,0.6666666666666666,1.0,0.0,6475000
0.17800687285223366,0.4000000000000001,0.0,0.3333333333333333,1.0,0.0,0.0,0.0,1.0,0.0,0.0,0.5,3500000
0.12714776632302405,0.6000000000000001,0.0,0.3333333333333333,1.0,0.0,0.0,0.0,0.0,0.6666666666666666,0.0,1.0,4340000
0.422680412371134,0.4000000000000001,0.0,0.0,1.0,0.0,1.0,0.0,1.0,0.6666666666666666,1.0,0.0,5320000
0.19587628865979378,0.4000000000000001,0.3333333333333333,0.3333333333333333,0.0,0.0,1.0,0.0,1.0,0.0,0.0,0.5,3990000
0.09209621993127148,0.2,0.0,0.0,0.0,0.0,0.0,0.0,0.0,0.3333333333333333,0.0,0.0,1855000
0.3676975945017182,0.4000000000000001,0.0,0.0,1.0,0.0,1.0,0.0,0.0,0.6666666666666666,1.0,0.5,5803000
0.21924398625429553,0.4000000000000001,0.0,0.3333333333333333,1.0,0.0,0.0,0.0,0.0,0.3333333333333333,0.0,0.5,4165000
0.09553264604810996,0.2,0.0,0.0,0.0,0.0,0.0,0.0,0.0,0.0,0.0,0.0,2870000
0.020618556701030938,0.4000000000000001,0.0,0.0,0.0,0.0,0.0,1.0,0.0,0.0,0.0,0.0,2240000
0.10549828178694157,0.2,0.0,0.0,1.0,0.0,0.0,0.0,1.0,0.0,0.0,0.0,2653000
0.09278350515463918,0.6000000000000001,0.0,0.6666666666666667,1.0,0.0,1.0,0.0,1.0,0.6666666666666666,0.0,0.5,4060000
0.061855670103092786,0.4000000000000001,0.0,0.3333333333333333,1.0,0.0,1.0,0.0,0.0,0.0,0.0,1.0,4550000
0.12989690721649483,0.2,0.0,0.0,0.0,1.0,1.0,0.0,0.0,0.0,0.0,0.5,5040000
0.09278350515463918,0.2,0.0,0.3333333333333333,1.0,0.0,0.0,0.0,0.0,0.0,0.0,0.5,2961000
0.08453608247422681,0.4000000000000001,0.0,0.0,0.0,0.0,0.0,0.0,0.0,0.0,0.0,0.0,2520000
0.41443298969072156,0.6000000000000001,0.3333333333333333,1.0,1.0,1.0,0.0,0.0,1.0,0.3333333333333333,0.0,0.5,7210000
0.1857044673539519,0.6000000000000001,0.0,0.3333333333333333,0.0,0.0,0.0,0.0,0.0,0.3333333333333333,0.0,0.0,2975000
0.5642611683848797,0.4000000000000001,0.0,0.0,1.0,0.0,0.0,0.0,0.0,0.0,0.0,0.5,4515000
0.3783505154639175,0.4000000000000001,0.3333333333333333,0.0,1.0,1.0,1.0,0.0,1.0,0.6666666666666666,0.0,0.0,8680000
0.13951890034364262,0.4000000000000001,0.3333333333333333,0.3333333333333333,1.0,0.0,0.0,0.0,0.0,0.0,0.0,0.5,4095000
0.12714776632302405,0.2,0.0,0.0,1.0,0.0,0.0,0.0,0.0,0.0,0.0,0.0,3115000
0.3134020618556701,0.6000000000000001,0.0,1.0,1.0,1.0,0.0,0.0,1.0,0.0,0.0,1.0,5460000
0.18900343642611683,0.2,0.0,0.0,1.0,0.0,0.0,0.0,0.0,0.3333333333333333,0.0,0.5,4305000
0.6219931271477663,0.4000000000000001,0.0,0.3333333333333333,1.0,1.0,1.0,0.0,0.0,0.0,0.0,0.5,5040000
0.13676975945017184,0.2,0.0,0.0,1.0,0.0,0.0,0.0,0.0,0.0,0.0,0.0,3570000
0.020618556701030938,0.4000000000000001,0.3333333333333333,0.3333333333333333,1.0,0.0,1.0,0.0,0.0,0.0,1.0,0.0,3430000
0.06804123711340207,0.2,0.0,0.0,0.0,0.0,0.0,0.0,0.0,0.3333333333333333,0.0,1.0,2835000
0.16701030927835053,0.2,0.0,0.0,1.0,0.0,0.0,0.0,0.0,0.0,0.0,0.5,3850000
0.16467353951890035,0.4000000000000001,0.0,0.3333333333333333,1.0,0.0,1.0,0.0,0.0,0.3333333333333333,0.0,0.5,4165000
0.21649484536082475,0.4000000000000001,0.0,0.0,1.0,1.0,1.0,0.0,0.0,0.0,0.0,0.0,5866000
0.29896907216494845,0.6000000000000001,0.0,0.6666666666666667,1.0,1.0,1.0,0.0,0.0,0.0,1.0,0.0,6265000
0.10515463917525772,0.4000000000000001,0.0,0.3333333333333333,0.0,0.0,1.0,0.0,0.0,0.0,0.0,0.5,3640000
0.15876288659793814,0.4000000000000001,0.0,0.0,1.0,0.0,1.0,0.0,0.0,0.6666666666666666,0.0,0.5,6475000
0.1512027491408935,0.4000000000000001,0.0,0.3333333333333333,1.0,0.0,0.0,0.0,0.0,0.0,0.0,0.0,3115000
0.1649484536082474,0.2,0.0,0.3333333333333333,1.0,1.0,1.0,0.0,0.0,0.0,1.0,0.0,3990000
0.18556701030927836,0.2,0.0,0.0,1.0,0.0,1.0,0.0,0.0,0.0,0.0,0.0,4865000
0.09896907216494846,0.4000000000000001,0.0,0.3333333333333333,0.0,0.0,0.0,0.0,0.0,0.0,0.0,0.5,3010000
0.383573883161512,0.4000000000000001,0.0,0.3333333333333333,1.0,1.0,1.0,0.0,1.0,0.0,1.0,0.5,5950000
0.18350515463917527,0.4000000000000001,0.0,0.3333333333333333,1.0,0.0,1.0,1.0,0.0,0.6666666666666666,0.0,0.5,8750000
0.29896907216494845,0.6000000000000001,0.3333333333333333,1.0,1.0,0.0,0.0,0.0,1.0,0.0,0.0,0.0,6755000
0.26116838487972505,0.6000000000000001,0.3333333333333333,0.0,1.0,0.0,1.0,0.0,1.0,0.0,1.0,0.5,6160000
0.19587628865979378,0.4000000000000001,0.3333333333333333,0.6666666666666667,1.0,0.0,0.0,1.0,0.0,0.3333333333333333,0.0,1.0,4340000
0.1642611683848797,0.2,0.0,0.0,1.0,0.0,0.0,0.0,0.0,0.0,0.0,0.0,3290000
0.2646048109965636,0.4000000000000001,0.3333333333333333,1.0,1.0,1.0,0.0,0.0,1.0,0.3333333333333333,0.0,0.5,6195000
